customer_id,region,age
C001,West,31
C002,West,32
C003,South,49
C004,North,44
C005,East,55
C006,West,49
C007,South,37
C008,South,57
C009,South,26
C010,South,19
C011,North,22
C012,West,52
C013,East,40
C014,East,25
C015,West,42
C016,West,25
C017,South,51
C018,South,39
C019,North,36
C020,North,32
C021,East,48
C022,East,35
C023,West,22
C024,South,23
C025,South,64
C026,South,61
C027,South,51
C028,South,30
C029,West,64
C030,South,55
C031,South,52
C032,West,39
C033,East,31
C034,North,22
C035,South,61
C036,North,39
C037,East,27
C038,East,32
C039,West,45
C040,East,26
C041,South,59
C042,North,54
C043,South,52
C044,East,38
C045,South,48
C046,North,46
C047,North,49
C048,East,22
C049,West,37
C050,West,19
C051,North,41
C052,North,33
C053,East,24
C054,East,22
C055,North,46
C056,West,26
C057,South,62
C058,West,45
C059,South,34
C060,East,46
C061,South,19
C062,North,64
C063,South,41
C064,South,55
C065,North,21
C066,South,41
C067,East,41
C068,South,63
C069,North,45
C070,East,40
C071,West,30
C072,West,33
C073,East,42
C074,West,39
C075,South,19
C076,South,57
C077,North,61
C078,East,24
C079,South,44
C080,South,23
C081,East,50
C082,North,31
C083,North,49
C084,East,52
C085,West,54
C086,South,23
C087,East,61
C088,West,29
C089,North,19
C090,North,44
C091,East,35
C092,South,57
C093,South,56
C094,West,33
C095,North,63
C096,East,31
C097,East,42
C098,West,30
C099,West,62
C100,North,25
C101,East,20
C102,South,38
C103,West,65
C104,North,60
C105,North,53
C106,West,60
C107,North,60
C108,North,42
C109,South,33
C110,North,55
C111,South,49
C112,South,35
C113,West,22
C114,East,53
C115,South,30
C116,North,62
C117,West,29
C118,North,23
C119,North,57
C120,West,25
