customer_id,product_id,quantity_purchased
C001,P003,7
C001,P006,6
C001,P016,4
C002,P016,2
C002,P027,5
C002,P007,2
C002,P008,3
C002,P001,2
C002,P006,7
C002,P024,2
C002,P021,7
C003,P022,3
C003,P002,7
C003,P008,4
C003,P003,2
C003,P016,6
C003,P021,5
C003,P029,1
C003,P030,2
C003,P006,1
C004,P023,6
C004,P016,6
C004,P021,6
C004,P006,7
C004,P009,7
C004,P003,2
C004,P028,4
C005,P016,6
C005,P025,7
C005,P003,3
C005,P023,4
C005,P018,1
C006,P030,2
C006,P029,5
C006,P028,4
C007,P020,6
C007,P025,6
C007,P028,2
C007,P016,3
C007,P015,6
C007,P013,6
C007,P002,1
C007,P009,3
C007,P007,5
C008,P026,1
C008,P007,5
C008,P028,3
C009,P030,3
C009,P009,3
C009,P018,3
C009,P003,2
C009,P017,3
C009,P014,5
C010,P004,1
C010,P013,7
C010,P018,6
C010,P021,1
C011,P005,7
C011,P022,3
C011,P025,5
C011,P024,5
C012,P016,7
C012,P028,6
C012,P011,3
C012,P017,6
C013,P005,6
C013,P030,4
C013,P029,5
C013,P009,1
C013,P018,2
C013,P023,2
C013,P019,3
C014,P027,1
C014,P012,4
C014,P017,5
C014,P002,2
C014,P019,6
C015,P013,4
C015,P018,5
C015,P006,5
C015,P027,5
C016,P007,1
C016,P010,3
C016,P015,4
C016,P023,6
C016,P014,5
C017,P021,7
C017,P020,6
C017,P017,2
C017,P028,5
C017,P025,6
C017,P008,2
C017,P002,2
C017,P013,4
C017,P029,6
C018,P013,5
C018,P016,1
C018,P026,2
C018,P004,3
C018,P028,4
C018,P018,3
C019,P001,7
C019,P002,7
C019,P011,2
C019,P026,2
C019,P022,1
C019,P023,1
C020,P002,2
C020,P020,1
C020,P018,4
C021,P022,7
C021,P028,7
C021,P026,2
C022,P011,2
C022,P008,5
C022,P021,3
C022,P025,7
C022,P012,1
C022,P001,2
C022,P009,1
C023,P010,4
C023,P029,1
C023,P002,6
C023,P008,5
C023,P026,7
C023,P001,2
C023,P030,2
C023,P023,3
C023,P019,3
C024,P014,7
C024,P030,1
C024,P005,1
C025,P001,1
C025,P030,6
C025,P011,7
C025,P006,1
C025,P020,6
C025,P027,1
C025,P008,3
C025,P026,4
C025,P018,5
C026,P021,2
C026,P004,7
C026,P009,5
C027,P013,5
C027,P019,5
C027,P011,6
C027,P027,2
C027,P012,6
C027,P016,1
C027,P014,6
C027,P029,5
C027,P015,5
C028,P019,4
C028,P028,6
C028,P001,5
C028,P026,7
C028,P021,5
C028,P008,5
C028,P024,3
C028,P022,6
C029,P020,4
C029,P021,2
C029,P003,6
C029,P008,7
C029,P022,6
C029,P006,6
C030,P006,4
C030,P022,4
C030,P001,2
C030,P020,7
C030,P011,3
C030,P024,5
C030,P025,2
C030,P012,7
C031,P015,6
C031,P005,1
C031,P027,6
C031,P024,2
C031,P002,6
C031,P018,6
C031,P021,1
C031,P022,2
C031,P028,6
C032,P012,4
C032,P009,2
C032,P001,2
C032,P003,6
C032,P020,4
C033,P028,5
C033,P025,2
C033,P016,6
C033,P008,4
C033,P022,5
C033,P009,1
C033,P007,4
C034,P001,5
C034,P030,6
C034,P019,4
C034,P004,4
C034,P009,2
C034,P014,4
C034,P024,4
C035,P029,4
C035,P026,7
C035,P018,2
C036,P007,4
C036,P022,6
C036,P005,3
C036,P020,1
C036,P003,2
C036,P013,6
C036,P011,3
C036,P009,1
C036,P025,3
C037,P017,1
C037,P012,2
C037,P026,4
C037,P001,1
C037,P022,1
C037,P020,2
C037,P021,5
C037,P014,5
C037,P016,3
C038,P017,6
C038,P019,3
C038,P005,3
C038,P026,5
C038,P014,5
C038,P004,2
C038,P001,7
C039,P019,1
C039,P016,6
C039,P022,4
C039,P015,6
C039,P006,7
C039,P026,1
C040,P016,1
C040,P013,6
C040,P001,1
C040,P017,7
C040,P028,2
C040,P002,7
C040,P027,1
C040,P008,4
C041,P012,6
C041,P007,2
C041,P013,3
C041,P029,7
C041,P005,3
C042,P008,3
C042,P016,4
C042,P029,2
C043,P008,7
C043,P001,6
C043,P025,4
C043,P023,4
C043,P007,7
C044,P017,6
C044,P027,6
C044,P005,2
C044,P029,1
C044,P025,4
C044,P030,3
C044,P004,3
C044,P007,4
C044,P006,7
C045,P015,6
C045,P029,7
C045,P018,3
C045,P014,6
C045,P012,5
C045,P011,3
C045,P016,3
C045,P023,4
C046,P022,3
C046,P026,5
C046,P017,4
C046,P014,2
C046,P004,5
C047,P015,4
C047,P023,4
C047,P020,4
C047,P018,7
C047,P030,2
C047,P017,2
C047,P012,1
C048,P001,1
C048,P005,3
C048,P030,2
C048,P013,3
C048,P023,7
C048,P018,3
C048,P019,3
C048,P017,1
C049,P022,4
C049,P027,7
C049,P004,2
C049,P006,4
C049,P019,1
C050,P030,5
C050,P029,5
C050,P004,6
C050,P005,5
C050,P017,1
C050,P007,4
C051,P011,4
C051,P009,4
C051,P013,4
C051,P018,2
C051,P007,3
C051,P030,7
C051,P022,5
C052,P004,2
C052,P003,3
C052,P027,3
C052,P022,4
C053,P014,6
C053,P011,6
C053,P005,7
C053,P022,5
C053,P018,4
C053,P029,3
C053,P007,4
C053,P001,6
C053,P002,4
C054,P011,3
C054,P007,5
C054,P027,6
C055,P007,7
C055,P008,5
C055,P013,4
C055,P024,5
C055,P009,3
C056,P004,3
C056,P027,3
C056,P021,4
C056,P013,5
C057,P013,7
C057,P001,3
C057,P012,1
C057,P009,5
C057,P024,2
C057,P006,5
C057,P019,1
C057,P018,2
C057,P026,5
C058,P001,3
C058,P017,4
C058,P007,3
C058,P023,2
C058,P005,6
C058,P029,5
C058,P004,5
C059,P028,1
C059,P003,2
C059,P021,5
C059,P026,3
C059,P025,1
C059,P014,2
C059,P012,6
C059,P023,5
C060,P025,2
C060,P006,7
C060,P010,5
C060,P011,5
C060,P009,6
C060,P027,5
C060,P023,5
C060,P015,5
C061,P030,1
C061,P026,4
C061,P027,3
C061,P005,7
C061,P014,6
C061,P013,3
C061,P022,3
C061,P028,6
C062,P001,7
C062,P018,4
C062,P014,4
C062,P003,7
C062,P025,2
C062,P028,2
C062,P002,5
C063,P014,5
C063,P021,6
C063,P002,6
C063,P009,7
C063,P015,5
C063,P001,4
C063,P010,6
C063,P004,5
C063,P007,4
C064,P004,5
C064,P009,6
C064,P029,2
C064,P010,6
C064,P016,5
C064,P013,3
C064,P028,2
C065,P022,6
C065,P005,2
C065,P017,7
C065,P011,6
C065,P019,4
C065,P025,2
C065,P001,7
C065,P016,4
C065,P008,6
C066,P025,5
C066,P010,2
C066,P009,4
C067,P012,1
C067,P011,6
C067,P027,6
C067,P026,2
C067,P002,3
C067,P025,4
C067,P010,5
C067,P023,4
C067,P001,1
C068,P020,4
C068,P030,1
C068,P014,2
C068,P017,1
C068,P018,3
C069,P030,4
C069,P007,7
C069,P004,5
C069,P005,3
C069,P026,3
C069,P015,5
C070,P016,7
C070,P002,3
C070,P018,6
C070,P008,3
C070,P011,1
C071,P003,5
C071,P005,4
C071,P028,2
C071,P025,3
C071,P021,4
C071,P029,1
C071,P006,3
C071,P027,5
C072,P011,4
C072,P023,4
C072,P015,5
C072,P022,4
C072,P002,6
C073,P014,1
C073,P010,4
C073,P028,1
C073,P021,5
C073,P002,2
C074,P020,6
C074,P029,5
C074,P015,1
C074,P013,6
C074,P011,6
C075,P012,3
C075,P020,3
C075,P017,7
C075,P002,1
C075,P022,4
C075,P004,3
C075,P027,1
C075,P025,3
C076,P011,4
C076,P012,4
C076,P005,1
C076,P018,6
C076,P021,4
C077,P020,1
C077,P009,5
C077,P025,4
C077,P001,2
C077,P012,7
C078,P003,6
C078,P018,7
C078,P001,5
C078,P028,2
C078,P010,7
C079,P001,6
C079,P002,3
C079,P026,1
C080,P016,6
C080,P015,1
C080,P026,3
C080,P021,5
C080,P008,1
C081,P027,5
C081,P012,1
C081,P029,1
C081,P028,7
C081,P014,5
C081,P021,6
C081,P003,2
C082,P011,6
C082,P022,4
C082,P027,6
C082,P016,7
C082,P019,2
C083,P005,6
C083,P016,4
C083,P017,5
C083,P009,3
C083,P023,7
C083,P004,2
C083,P011,7
C083,P019,6
C083,P001,7
C084,P005,1
C084,P027,5
C084,P008,7
C084,P003,1
C084,P021,5
C084,P024,5
C084,P009,1
C085,P014,5
C085,P012,6
C085,P007,5
C085,P020,6
C086,P025,4
C086,P006,3
C086,P017,6
C086,P009,3
C087,P009,3
C087,P023,3
C087,P011,1
C087,P022,5
C087,P030,3
C087,P012,6
C087,P019,7
C087,P018,6
C087,P013,2
C088,P018,1
C088,P001,2
C088,P015,5
C088,P014,7
C089,P010,4
C089,P008,3
C089,P005,2
C089,P028,6
C089,P027,5
C089,P023,4
C089,P022,3
C089,P012,6
C090,P029,6
C090,P026,4
C090,P025,6
C090,P007,1
C090,P003,2
C091,P028,7
C091,P016,6
C091,P002,5
C091,P019,3
C091,P030,1
C091,P011,5
C092,P017,6
C092,P014,1
C092,P011,7
C092,P009,1
C092,P024,5
C092,P022,3
C092,P008,1
C092,P023,3
C092,P004,1
C093,P004,2
C093,P012,1
C093,P009,7
C093,P028,2
C093,P021,3
C093,P014,6
C093,P017,1
C094,P021,7
C094,P017,3
C094,P001,6
C094,P020,2
C095,P021,1
C095,P030,1
C095,P007,3
C095,P029,1
C095,P013,6
C095,P025,1
C095,P027,4
C095,P019,6
C096,P014,5
C096,P021,5
C096,P029,5
C096,P025,4
C096,P012,4
C096,P015,2
C096,P009,6
C097,P002,2
C097,P025,4
C097,P027,3
C097,P026,5
C097,P010,3
C097,P009,2
C097,P022,5
C097,P015,2
C097,P020,3
C098,P001,3
C098,P011,6
C098,P010,5
C098,P002,4
C098,P007,1
C098,P020,5
C098,P021,2
C099,P030,5
C099,P009,4
C099,P010,2
C099,P026,3
C099,P008,1
C099,P005,5
C099,P025,6
C099,P001,4
C099,P027,5
C100,P022,7
C100,P011,3
C100,P012,4
C100,P024,1
C100,P026,6
C101,P003,5
C101,P024,1
C101,P029,2
C101,P019,5
C101,P006,4
C102,P013,1
C102,P002,3
C102,P011,2
C102,P027,4
C102,P005,3
C102,P015,6
C102,P019,2
C102,P024,3
C102,P029,2
C103,P016,2
C103,P009,7
C103,P028,3
C103,P026,7
C103,P007,7
C103,P029,6
C103,P004,2
C103,P008,1
C103,P023,2
C104,P011,6
C104,P024,7
C104,P025,4
C104,P009,5
C104,P023,2
C104,P017,7
C104,P026,7
C105,P003,6
C105,P010,1
C105,P012,7
C105,P022,2
C105,P020,3
C106,P010,3
C106,P001,7
C106,P015,4
C106,P008,7
C106,P030,5
C106,P020,3
C106,P026,3
C106,P027,6
C107,P017,2
C107,P012,4
C107,P026,7
C107,P018,4
C107,P010,4
C107,P004,7
C108,P024,1
C108,P022,2
C108,P026,1
C108,P021,4
C108,P016,6
C108,P003,3
C108,P025,4
C108,P017,5
C108,P001,4
C109,P025,5
C109,P002,7
C109,P029,6
C109,P030,3
C109,P007,3
C109,P026,3
C109,P005,1
C109,P028,3
C110,P009,1
C110,P010,4
C110,P014,2
C110,P007,7
C110,P030,6
C110,P026,1
C110,P002,4
C110,P027,2
C111,P005,6
C111,P008,4
C111,P028,4
C111,P027,7
C111,P025,3
C111,P014,3
C111,P004,5
C112,P028,1
C112,P004,1
C112,P003,2
C112,P009,5
C113,P018,4
C113,P029,1
C113,P027,6
C113,P006,7
C113,P020,3
C113,P011,5
C114,P023,5
C114,P011,5
C114,P009,4
C114,P027,1
C114,P008,2
C114,P025,6
C114,P013,3
C115,P004,1
C115,P024,1
C115,P030,2
C115,P029,2
C115,P001,1
C115,P013,3
C115,P008,6
C115,P017,3
C116,P029,4
C116,P025,1
C116,P019,3
C117,P008,4
C117,P023,7
C117,P022,5
C117,P026,4
C117,P014,2
C117,P007,7
C118,P001,2
C118,P004,4
C118,P002,4
C119,P009,5
C119,P016,4
C119,P002,5
C119,P027,1
C119,P014,6
C119,P029,5
C120,P023,3
C120,P001,5
C120,P028,3
C120,P014,7
C120,P019,6
